{
    "users": [
      {
        "id": 1,
        "name": "John Doe",
        "email": "johndoe@example.com",
        "age": 30,
        " occupation": "Software Engineer"
      },
      {
        "id": 2,
        "name": "Jane Smith",
        "email": "janesmith@example.com",
        "age": 25,
        "occupation": "Marketing Manager"
      },
      {
        "id": 3,
        "name": "Bob Johnson",
        "email": "bobjohnson@example.com",
        "age": 40,
        "occupation": "CEO"
      }
    ],
    "products": [
      {
        "id": 1,
        "name": "Apple iPhone",
        "price": 999.99,
        "description": "Latest iPhone model with advanced camera and AI features"
      },
      {
        "id": 2,
        "name": "Samsung TV",
        "price": 1499.99,
        "description": "4K UHD TV with HDR and smart features"
      },
      {
        "id": 3,
        "name": "Nike Shoes",
        "price": 79.99,
        "description": "Comfortable and stylish shoes for running and casual wear"
      }
    ],
    "orders": [
      {
        "id": 1,
        "user_id": 1,
        "product_id": 1,
        "order_date": "2022-01-01",
        "total": 999.99
      },
      {
        "id": 2,
        "user_id": 2,
        "product_id": 2,
        "order_date": "2022-02-01",
        "total": 1499.99
      },
      {
        "id": 3,
        "user_id": 3,
        "product_id": 3,
        "order_date": "2022-03-01",
        "total": 79.99
      }
    ]
  }